{"cameraMode":{"drawMode":0,"name":"Shaded","section":"Shading Mode"},"sceneLighting":false,"audioPlay":false,"sceneViewState":{"showFog":true,"showMaterialUpdate":true,"showSkybox":false,"showFlares":true,"showImageEffects":true,"showParticleSystems":true,"showVisualEffectGraphs":true,"m_FxEnabled":true},"in2DMode":false,"pivot":{"x":-0.01332712173461914,"y":1.8051953315734864,"z":0.16612327098846436},"rotation":{"x":-0.3609718382358551,"y":0.0005568262422457337,"z":-0.00021558543085120618,"w":-0.9325769543647766},"size":3.1907155513763429,"orthographic":false}