{"cameraMode":{"drawMode":0,"name":"Shaded","section":"Shading Mode"},"sceneLighting":false,"audioPlay":false,"sceneViewState":{"showFog":true,"showMaterialUpdate":true,"showSkybox":false,"showFlares":true,"showImageEffects":true,"showParticleSystems":true},"in2DMode":false,"pivot":{"x":0.0,"y":0.07499998807907105,"z":-0.050000011920928958},"rotation":{"x":0.1061641126871109,"y":-0.889320433139801,"z":0.26345112919807436,"w":0.35839852690696719},"size":1.0574142932891846,"orthographic":false}