{"cameraMode":{"drawMode":0,"name":"Shaded","section":"Shading Mode"},"sceneLighting":false,"audioPlay":false,"sceneViewState":{"showFog":true,"showMaterialUpdate":true,"showSkybox":false,"showFlares":true,"showImageEffects":true,"showParticleSystems":true},"in2DMode":false,"pivot":{"x":0.10779547691345215,"y":5.903282165527344,"z":0.4718339443206787},"rotation":{"x":-0.43984055519104006,"y":-0.10782347619533539,"z":0.05330437049269676,"w":-0.8900061845779419},"size":10.649181365966797,"orthographic":false}