{"cameraMode":{"drawMode":0,"name":"Shaded","section":"Shading Mode"},"sceneLighting":false,"audioPlay":false,"sceneViewState":{"showFog":true,"showMaterialUpdate":true,"showSkybox":false,"showFlares":true,"showImageEffects":true,"showParticleSystems":true},"in2DMode":false,"pivot":{"x":-1.5248475074768067,"y":-0.4382591247558594,"z":0.7340917587280273},"rotation":{"x":-0.2229204922914505,"y":0.47866734862327578,"z":-0.12708300352096559,"w":-0.839680016040802},"size":4.292365074157715,"orthographic":false}