{"cameraMode":{"drawMode":0,"name":"Shaded","section":"Shading Mode"},"sceneLighting":true,"audioPlay":false,"sceneViewState":{"showFog":true,"showMaterialUpdate":true,"showSkybox":true,"showFlares":true,"showImageEffects":true,"showParticleSystems":true},"in2DMode":false,"pivot":{"x":7.469636917114258,"y":15.632720947265625,"z":-12.565285682678223},"rotation":{"x":0.3790075480937958,"y":0.18141816556453706,"z":-0.07603991776704788,"w":0.9042475819587708},"size":28.06478500366211,"orthographic":false}