{"cameraMode":{"drawMode":0,"name":"Shaded","section":"Shading Mode"},"sceneLighting":false,"audioPlay":false,"sceneViewState":{"showFog":true,"showMaterialUpdate":true,"showSkybox":false,"showFlares":true,"showImageEffects":true,"showParticleSystems":true},"in2DMode":false,"pivot":{"x":2.762333869934082,"y":2.133641242980957,"z":-2.7464261054992677},"rotation":{"x":-0.30186715722084048,"y":-0.6179356575012207,"z":0.2781907021999359,"w":-0.6705822944641113},"size":6.577907085418701,"orthographic":false}