{"cameraMode":{"drawMode":0,"name":"Shaded","section":"Shading Mode"},"sceneLighting":false,"audioPlay":false,"sceneViewState":{"showFog":true,"showMaterialUpdate":true,"showSkybox":false,"showFlares":true,"showImageEffects":true,"showParticleSystems":true},"in2DMode":false,"pivot":{"x":2.0877864360809328,"y":3.9269537925720217,"z":0.9913884997367859},"rotation":{"x":-0.11938105523586273,"y":0.7621679902076721,"z":-0.146977037191391,"w":-0.6190919876098633},"size":1.4452760219573975,"orthographic":false}