{"cameraMode":{"drawMode":0,"name":"Shaded","section":"Shading Mode"},"sceneLighting":false,"audioPlay":false,"sceneViewState":{"showFog":true,"showMaterialUpdate":true,"showSkybox":false,"showFlares":true,"showImageEffects":true,"showParticleSystems":true},"in2DMode":false,"pivot":{"x":0.0,"y":0.6000000238418579,"z":-0.07500000298023224},"rotation":{"x":0.3790075480937958,"y":0.18141816556453706,"z":-0.07603991776704788,"w":0.9042475819587708},"size":0.9864709973335266,"orthographic":false}