{"cameraMode":{"drawMode":0,"name":"Shaded","section":"Shading Mode"},"sceneLighting":false,"audioPlay":false,"sceneViewState":{"showFog":true,"showMaterialUpdate":true,"showSkybox":false,"showFlares":true,"showImageEffects":true,"showParticleSystems":true},"in2DMode":false,"pivot":{"x":-31.5,"y":2.551909923553467,"z":-19.39920997619629},"rotation":{"x":-0.26272284984588625,"y":-0.4038275182247162,"z":0.12228254973888397,"w":-0.8677469491958618},"size":13.717873573303223,"orthographic":false}