{"cameraMode":{"drawMode":0,"name":"Shaded","section":"Shading Mode"},"sceneLighting":false,"audioPlay":false,"sceneViewState":{"showFog":true,"showMaterialUpdate":true,"showSkybox":false,"showFlares":true,"showImageEffects":true,"showParticleSystems":true},"in2DMode":false,"pivot":{"x":12.270000457763672,"y":7.270000457763672,"z":12.300000190734864},"rotation":{"x":-0.09033415466547013,"y":0.909037172794342,"z":-0.26929107308387759,"w":-0.30496570467948916},"size":2.487468719482422,"orthographic":false}