{"cameraMode":{"drawMode":0,"name":"Shaded","section":"Shading Mode"},"sceneLighting":false,"audioPlay":false,"sceneViewState":{"showFog":true,"showMaterialUpdate":true,"showSkybox":false,"showFlares":true,"showImageEffects":true,"showParticleSystems":true},"in2DMode":false,"pivot":{"x":-3.2423267364501955,"y":1.2486648559570313,"z":11.624950408935547},"rotation":{"x":-0.3536893427371979,"y":-0.5919560194015503,"z":0.32301604747772219,"w":-0.6482223868370056},"size":11.677909851074219,"orthographic":false}