{"cameraMode":{"drawMode":0,"name":"Shaded","section":"Shading Mode"},"sceneLighting":false,"audioPlay":false,"sceneViewState":{"showFog":true,"showMaterialUpdate":true,"showSkybox":false,"showFlares":true,"showImageEffects":true,"showParticleSystems":true,"showVisualEffectGraphs":true,"m_FxEnabled":true},"in2DMode":false,"pivot":{"x":0.10779547691345215,"y":5.903282165527344,"z":0.4718339443206787},"rotation":{"x":-0.3609718382358551,"y":0.0005568262422457337,"z":-0.00021558543085120618,"w":-0.9325769543647766},"size":10.649181365966797,"orthographic":false}